{
  "total": 355,
  "entries": [
    {
      "index": 1,
      "start": 535936,
      "consumed": 1423,
      "relpath": "000001.uasset",
      "ext": ".uasset"
    },
    {
      "index": 2,
      "start": 537360,
      "consumed": 371,
      "relpath": "000002.uexp",
      "ext": ".uexp"
    },
    {
      "index": 3,
      "start": 537744,
      "consumed": 3572,
      "relpath": "000003.uasset",
      "ext": ".uasset"
    },
    {
      "index": 4,
      "start": 541328,
      "consumed": 1713,
      "relpath": "000004.uexp",
      "ext": ".uexp"
    },
    {
      "index": 5,
      "start": 543056,
      "consumed": 9087,
      "relpath": "000005.uasset",
      "ext": ".uasset"
    },
    {
      "index": 6,
      "start": 552144,
      "consumed": 4251,
      "relpath": "000006.uexp",
      "ext": ".uexp"
    },
    {
      "index": 7,
      "start": 584288,
      "consumed": 17332,
      "relpath": "000007.uexp",
      "ext": ".uexp"
    },
    {
      "index": 8,
      "start": 601632,
      "consumed": 17790,
      "relpath": "000008.uexp",
      "ext": ".uexp"
    },
    {
      "index": 9,
      "start": 619424,
      "consumed": 17313,
      "relpath": "000009.uexp",
      "ext": ".uexp"
    },
    {
      "index": 10,
      "start": 636752,
      "consumed": 17636,
      "relpath": "000010.uexp",
      "ext": ".uexp"
    },
    {
      "index": 11,
      "start": 654400,
      "consumed": 17737,
      "relpath": "000011.uexp",
      "ext": ".uexp"
    },
    {
      "index": 12,
      "start": 689728,
      "consumed": 17493,
      "relpath": "000012.uexp",
      "ext": ".uexp"
    },
    {
      "index": 13,
      "start": 707232,
      "consumed": 17362,
      "relpath": "000013.uexp",
      "ext": ".uexp"
    },
    {
      "index": 14,
      "start": 741888,
      "consumed": 17289,
      "relpath": "000014.uexp",
      "ext": ".uexp"
    },
    {
      "index": 15,
      "start": 759184,
      "consumed": 17570,
      "relpath": "000015.uexp",
      "ext": ".uexp"
    },
    {
      "index": 16,
      "start": 776768,
      "consumed": 17795,
      "relpath": "000016.uexp",
      "ext": ".uexp"
    },
    {
      "index": 17,
      "start": 794576,
      "consumed": 16893,
      "relpath": "000017.uexp",
      "ext": ".uexp"
    },
    {
      "index": 18,
      "start": 811472,
      "consumed": 17529,
      "relpath": "000018.uexp",
      "ext": ".uexp"
    },
    {
      "index": 19,
      "start": 829008,
      "consumed": 17568,
      "relpath": "000019.uexp",
      "ext": ".uexp"
    },
    {
      "index": 20,
      "start": 864096,
      "consumed": 17614,
      "relpath": "000020.uexp",
      "ext": ".uexp"
    },
    {
      "index": 21,
      "start": 881712,
      "consumed": 17628,
      "relpath": "000021.uexp",
      "ext": ".uexp"
    },
    {
      "index": 22,
      "start": 899344,
      "consumed": 17260,
      "relpath": "000022.uexp",
      "ext": ".uexp"
    },
    {
      "index": 23,
      "start": 916608,
      "consumed": 17709,
      "relpath": "000023.uexp",
      "ext": ".uexp"
    },
    {
      "index": 24,
      "start": 934320,
      "consumed": 17268,
      "relpath": "000024.uexp",
      "ext": ".uexp"
    },
    {
      "index": 25,
      "start": 951600,
      "consumed": 17556,
      "relpath": "000025.uexp",
      "ext": ".uexp"
    },
    {
      "index": 26,
      "start": 969168,
      "consumed": 17658,
      "relpath": "000026.uexp",
      "ext": ".uexp"
    },
    {
      "index": 27,
      "start": 986832,
      "consumed": 17529,
      "relpath": "000027.uexp",
      "ext": ".uexp"
    },
    {
      "index": 28,
      "start": 1004368,
      "consumed": 17411,
      "relpath": "000028.uexp",
      "ext": ".uexp"
    },
    {
      "index": 29,
      "start": 1021792,
      "consumed": 17280,
      "relpath": "000029.uexp",
      "ext": ".uexp"
    },
    {
      "index": 30,
      "start": 1039072,
      "consumed": 17193,
      "relpath": "000030.uexp",
      "ext": ".uexp"
    },
    {
      "index": 31,
      "start": 1056272,
      "consumed": 17210,
      "relpath": "000031.uexp",
      "ext": ".uexp"
    },
    {
      "index": 32,
      "start": 1073488,
      "consumed": 17487,
      "relpath": "000032.uexp",
      "ext": ".uexp"
    },
    {
      "index": 33,
      "start": 1108704,
      "consumed": 16810,
      "relpath": "000033.uexp",
      "ext": ".uexp"
    },
    {
      "index": 34,
      "start": 1142976,
      "consumed": 17481,
      "relpath": "000034.uexp",
      "ext": ".uexp"
    },
    {
      "index": 35,
      "start": 1195440,
      "consumed": 17547,
      "relpath": "000035.uexp",
      "ext": ".uexp"
    },
    {
      "index": 36,
      "start": 1212992,
      "consumed": 27589,
      "relpath": "000036.lua",
      "ext": ".lua"
    },
    {
      "index": 37,
      "start": 1240592,
      "consumed": 13943,
      "relpath": "000037.uexp",
      "ext": ".uexp"
    },
    {
      "index": 38,
      "start": 1254544,
      "consumed": 474,
      "relpath": "000038.uexp",
      "ext": ".uexp"
    },
    {
      "index": 39,
      "start": 1255024,
      "consumed": 18511,
      "relpath": "000039.lua",
      "ext": ".lua"
    },
    {
      "index": 40,
      "start": 1302112,
      "consumed": 9034,
      "relpath": "000040.uexp",
      "ext": ".uexp"
    },
    {
      "index": 41,
      "start": 1311152,
      "consumed": 22647,
      "relpath": "000041.lua",
      "ext": ".lua"
    },
    {
      "index": 42,
      "start": 1333808,
      "consumed": 13175,
      "relpath": "000042.lua",
      "ext": ".lua"
    },
    {
      "index": 43,
      "start": 1346992,
      "consumed": 38251,
      "relpath": "000043.lua",
      "ext": ".lua"
    },
    {
      "index": 44,
      "start": 1385248,
      "consumed": 33002,
      "relpath": "000044.uexp",
      "ext": ".uexp"
    },
    {
      "index": 45,
      "start": 1450576,
      "consumed": 5822,
      "relpath": "000045.uexp",
      "ext": ".uexp"
    },
    {
      "index": 46,
      "start": 1456400,
      "consumed": 28106,
      "relpath": "000046.lua",
      "ext": ".lua"
    },
    {
      "index": 47,
      "start": 1484512,
      "consumed": 5568,
      "relpath": "000047.uexp",
      "ext": ".uexp"
    },
    {
      "index": 48,
      "start": 1490080,
      "consumed": 3147,
      "relpath": "000048.lua",
      "ext": ".lua"
    },
    {
      "index": 49,
      "start": 1493232,
      "consumed": 22524,
      "relpath": "000049.lua",
      "ext": ".lua"
    },
    {
      "index": 50,
      "start": 1515760,
      "consumed": 6849,
      "relpath": "000050.lua",
      "ext": ".lua"
    },
    {
      "index": 51,
      "start": 1522624,
      "consumed": 8145,
      "relpath": "000051.lua",
      "ext": ".lua"
    },
    {
      "index": 52,
      "start": 1530784,
      "consumed": 20376,
      "relpath": "000052.lua",
      "ext": ".lua"
    },
    {
      "index": 53,
      "start": 1551168,
      "consumed": 17867,
      "relpath": "000053.lua",
      "ext": ".lua"
    },
    {
      "index": 54,
      "start": 1569040,
      "consumed": 18148,
      "relpath": "000054.lua",
      "ext": ".lua"
    },
    {
      "index": 55,
      "start": 1587200,
      "consumed": 6759,
      "relpath": "000055.lua",
      "ext": ".lua"
    },
    {
      "index": 56,
      "start": 1593968,
      "consumed": 2317,
      "relpath": "000056.lua",
      "ext": ".lua"
    },
    {
      "index": 57,
      "start": 1596288,
      "consumed": 8280,
      "relpath": "000057.lua",
      "ext": ".lua"
    },
    {
      "index": 58,
      "start": 1604576,
      "consumed": 4689,
      "relpath": "000058.lua",
      "ext": ".lua"
    },
    {
      "index": 59,
      "start": 1614960,
      "consumed": 5972,
      "relpath": "000059.lua",
      "ext": ".lua"
    },
    {
      "index": 60,
      "start": 1620944,
      "consumed": 2807,
      "relpath": "000060.lua",
      "ext": ".lua"
    },
    {
      "index": 61,
      "start": 1623760,
      "consumed": 2097,
      "relpath": "000061.lua",
      "ext": ".lua"
    },
    {
      "index": 62,
      "start": 1625872,
      "consumed": 4713,
      "relpath": "000062.lua",
      "ext": ".lua"
    },
    {
      "index": 63,
      "start": 1630592,
      "consumed": 7399,
      "relpath": "000063.lua",
      "ext": ".lua"
    },
    {
      "index": 64,
      "start": 1638000,
      "consumed": 7874,
      "relpath": "000064.lua",
      "ext": ".lua"
    },
    {
      "index": 65,
      "start": 1645888,
      "consumed": 6217,
      "relpath": "000065.lua",
      "ext": ".lua"
    },
    {
      "index": 66,
      "start": 1652112,
      "consumed": 7633,
      "relpath": "000066.lua",
      "ext": ".lua"
    },
    {
      "index": 67,
      "start": 1659760,
      "consumed": 3890,
      "relpath": "000067.lua",
      "ext": ".lua"
    },
    {
      "index": 68,
      "start": 1663664,
      "consumed": 2460,
      "relpath": "000068.lua",
      "ext": ".lua"
    },
    {
      "index": 69,
      "start": 1666128,
      "consumed": 8098,
      "relpath": "000069.lua",
      "ext": ".lua"
    },
    {
      "index": 70,
      "start": 1674240,
      "consumed": 7582,
      "relpath": "000070.lua",
      "ext": ".lua"
    },
    {
      "index": 71,
      "start": 1681824,
      "consumed": 6217,
      "relpath": "000071.lua",
      "ext": ".lua"
    },
    {
      "index": 72,
      "start": 1688048,
      "consumed": 1818,
      "relpath": "000072.lua",
      "ext": ".lua"
    },
    {
      "index": 73,
      "start": 1689872,
      "consumed": 1816,
      "relpath": "000073.lua",
      "ext": ".lua"
    },
    {
      "index": 74,
      "start": 1691696,
      "consumed": 9018,
      "relpath": "000074.lua",
      "ext": ".lua"
    },
    {
      "index": 75,
      "start": 1700720,
      "consumed": 9702,
      "relpath": "000075.lua",
      "ext": ".lua"
    },
    {
      "index": 76,
      "start": 1710432,
      "consumed": 24750,
      "relpath": "000076.lua",
      "ext": ".lua"
    },
    {
      "index": 77,
      "start": 1735184,
      "consumed": 3027,
      "relpath": "000077.lua",
      "ext": ".lua"
    },
    {
      "index": 78,
      "start": 1738224,
      "consumed": 19617,
      "relpath": "000078.lua",
      "ext": ".lua"
    },
    {
      "index": 79,
      "start": 1757856,
      "consumed": 5302,
      "relpath": "000079.lua",
      "ext": ".lua"
    },
    {
      "index": 80,
      "start": 1763168,
      "consumed": 2403,
      "relpath": "000080.lua",
      "ext": ".lua"
    },
    {
      "index": 81,
      "start": 1765584,
      "consumed": 6090,
      "relpath": "000081.lua",
      "ext": ".lua"
    },
    {
      "index": 82,
      "start": 1774928,
      "consumed": 3651,
      "relpath": "000082.lua",
      "ext": ".lua"
    },
    {
      "index": 83,
      "start": 1778592,
      "consumed": 5367,
      "relpath": "000083.lua",
      "ext": ".lua"
    },
    {
      "index": 84,
      "start": 1783968,
      "consumed": 2998,
      "relpath": "000084.lua",
      "ext": ".lua"
    },
    {
      "index": 85,
      "start": 1794688,
      "consumed": 13518,
      "relpath": "000085.lua",
      "ext": ".lua"
    },
    {
      "index": 86,
      "start": 1833248,
      "consumed": 11866,
      "relpath": "000086.lua",
      "ext": ".lua"
    },
    {
      "index": 87,
      "start": 1845120,
      "consumed": 1741,
      "relpath": "000087.lua",
      "ext": ".lua"
    },
    {
      "index": 88,
      "start": 1846864,
      "consumed": 1800,
      "relpath": "000088.lua",
      "ext": ".lua"
    },
    {
      "index": 89,
      "start": 1848672,
      "consumed": 3772,
      "relpath": "000089.lua",
      "ext": ".lua"
    },
    {
      "index": 90,
      "start": 1852448,
      "consumed": 887,
      "relpath": "000090.lua",
      "ext": ".lua"
    },
    {
      "index": 91,
      "start": 1853344,
      "consumed": 3366,
      "relpath": "000091.lua",
      "ext": ".lua"
    },
    {
      "index": 92,
      "start": 1856720,
      "consumed": 4890,
      "relpath": "000092.lua",
      "ext": ".lua"
    },
    {
      "index": 93,
      "start": 1861616,
      "consumed": 6658,
      "relpath": "000093.uasset",
      "ext": ".uasset"
    },
    {
      "index": 94,
      "start": 1868288,
      "consumed": 5444,
      "relpath": "000094.uexp",
      "ext": ".uexp"
    },
    {
      "index": 95,
      "start": 1873744,
      "consumed": 477,
      "relpath": "000095.uasset",
      "ext": ".uasset"
    },
    {
      "index": 96,
      "start": 1874224,
      "consumed": 3514,
      "relpath": "000096.uexp",
      "ext": ".uexp"
    },
    {
      "index": 97,
      "start": 1877744,
      "consumed": 2315,
      "relpath": "000097.uexp",
      "ext": ".uexp"
    },
    {
      "index": 98,
      "start": 1880064,
      "consumed": 3108,
      "relpath": "000098.uexp",
      "ext": ".uexp"
    },
    {
      "index": 99,
      "start": 1883184,
      "consumed": 3121,
      "relpath": "000099.uexp",
      "ext": ".uexp"
    },
    {
      "index": 100,
      "start": 1886320,
      "consumed": 2875,
      "relpath": "000100.uexp",
      "ext": ".uexp"
    },
    {
      "index": 101,
      "start": 1889200,
      "consumed": 2897,
      "relpath": "000101.uexp",
      "ext": ".uexp"
    },
    {
      "index": 102,
      "start": 1892112,
      "consumed": 3191,
      "relpath": "000102.uexp",
      "ext": ".uexp"
    },
    {
      "index": 103,
      "start": 1895312,
      "consumed": 3179,
      "relpath": "000103.uexp",
      "ext": ".uexp"
    },
    {
      "index": 104,
      "start": 1898496,
      "consumed": 3132,
      "relpath": "000104.uexp",
      "ext": ".uexp"
    },
    {
      "index": 105,
      "start": 1901632,
      "consumed": 3460,
      "relpath": "000105.uexp",
      "ext": ".uexp"
    },
    {
      "index": 106,
      "start": 1905104,
      "consumed": 2599,
      "relpath": "000106.uexp",
      "ext": ".uexp"
    },
    {
      "index": 107,
      "start": 1907712,
      "consumed": 3287,
      "relpath": "000107.uexp",
      "ext": ".uexp"
    },
    {
      "index": 108,
      "start": 1911008,
      "consumed": 3077,
      "relpath": "000108.uexp",
      "ext": ".uexp"
    },
    {
      "index": 109,
      "start": 1914096,
      "consumed": 3544,
      "relpath": "000109.uexp",
      "ext": ".uexp"
    },
    {
      "index": 110,
      "start": 1917648,
      "consumed": 2316,
      "relpath": "000110.uexp",
      "ext": ".uexp"
    },
    {
      "index": 111,
      "start": 1919968,
      "consumed": 3508,
      "relpath": "000111.uexp",
      "ext": ".uexp"
    },
    {
      "index": 112,
      "start": 1923488,
      "consumed": 3123,
      "relpath": "000112.uexp",
      "ext": ".uexp"
    },
    {
      "index": 113,
      "start": 1926624,
      "consumed": 2780,
      "relpath": "000113.uexp",
      "ext": ".uexp"
    },
    {
      "index": 114,
      "start": 1929408,
      "consumed": 3593,
      "relpath": "000114.uexp",
      "ext": ".uexp"
    },
    {
      "index": 115,
      "start": 1933008,
      "consumed": 3605,
      "relpath": "000115.uexp",
      "ext": ".uexp"
    },
    {
      "index": 116,
      "start": 1936624,
      "consumed": 3496,
      "relpath": "000116.uexp",
      "ext": ".uexp"
    },
    {
      "index": 117,
      "start": 1940128,
      "consumed": 3027,
      "relpath": "000117.uexp",
      "ext": ".uexp"
    },
    {
      "index": 118,
      "start": 1943168,
      "consumed": 2996,
      "relpath": "000118.uexp",
      "ext": ".uexp"
    },
    {
      "index": 119,
      "start": 1946176,
      "consumed": 3227,
      "relpath": "000119.uexp",
      "ext": ".uexp"
    },
    {
      "index": 120,
      "start": 1949408,
      "consumed": 3639,
      "relpath": "000120.uexp",
      "ext": ".uexp"
    },
    {
      "index": 121,
      "start": 1953056,
      "consumed": 2979,
      "relpath": "000121.uexp",
      "ext": ".uexp"
    },
    {
      "index": 122,
      "start": 1956048,
      "consumed": 2909,
      "relpath": "000122.uexp",
      "ext": ".uexp"
    },
    {
      "index": 123,
      "start": 1958960,
      "consumed": 2650,
      "relpath": "000123.uexp",
      "ext": ".uexp"
    },
    {
      "index": 124,
      "start": 1961616,
      "consumed": 2611,
      "relpath": "000124.uexp",
      "ext": ".uexp"
    },
    {
      "index": 125,
      "start": 1964240,
      "consumed": 3099,
      "relpath": "000125.uexp",
      "ext": ".uexp"
    },
    {
      "index": 126,
      "start": 1967344,
      "consumed": 3385,
      "relpath": "000126.uexp",
      "ext": ".uexp"
    },
    {
      "index": 127,
      "start": 1970736,
      "consumed": 3247,
      "relpath": "000127.uexp",
      "ext": ".uexp"
    },
    {
      "index": 128,
      "start": 1973984,
      "consumed": 3223,
      "relpath": "000128.uexp",
      "ext": ".uexp"
    },
    {
      "index": 129,
      "start": 1977216,
      "consumed": 3251,
      "relpath": "000129.uexp",
      "ext": ".uexp"
    },
    {
      "index": 130,
      "start": 1980480,
      "consumed": 2624,
      "relpath": "000130.uexp",
      "ext": ".uexp"
    },
    {
      "index": 131,
      "start": 1983104,
      "consumed": 2733,
      "relpath": "000131.uexp",
      "ext": ".uexp"
    },
    {
      "index": 132,
      "start": 1985840,
      "consumed": 2650,
      "relpath": "000132.uexp",
      "ext": ".uexp"
    },
    {
      "index": 133,
      "start": 1988496,
      "consumed": 2567,
      "relpath": "000133.uexp",
      "ext": ".uexp"
    },
    {
      "index": 134,
      "start": 1991072,
      "consumed": 2372,
      "relpath": "000134.uexp",
      "ext": ".uexp"
    },
    {
      "index": 135,
      "start": 1993456,
      "consumed": 2298,
      "relpath": "000135.uexp",
      "ext": ".uexp"
    },
    {
      "index": 136,
      "start": 1995760,
      "consumed": 2341,
      "relpath": "000136.uexp",
      "ext": ".uexp"
    },
    {
      "index": 137,
      "start": 1998112,
      "consumed": 2090,
      "relpath": "000137.uexp",
      "ext": ".uexp"
    },
    {
      "index": 138,
      "start": 2000208,
      "consumed": 2765,
      "relpath": "000138.uexp",
      "ext": ".uexp"
    },
    {
      "index": 139,
      "start": 2002976,
      "consumed": 2420,
      "relpath": "000139.uexp",
      "ext": ".uexp"
    },
    {
      "index": 140,
      "start": 2005408,
      "consumed": 2222,
      "relpath": "000140.uexp",
      "ext": ".uexp"
    },
    {
      "index": 141,
      "start": 2007632,
      "consumed": 2041,
      "relpath": "000141.uexp",
      "ext": ".uexp"
    },
    {
      "index": 142,
      "start": 2009680,
      "consumed": 2253,
      "relpath": "000142.uexp",
      "ext": ".uexp"
    },
    {
      "index": 143,
      "start": 2011936,
      "consumed": 2543,
      "relpath": "000143.uexp",
      "ext": ".uexp"
    },
    {
      "index": 144,
      "start": 2014480,
      "consumed": 2380,
      "relpath": "000144.uexp",
      "ext": ".uexp"
    },
    {
      "index": 145,
      "start": 2016864,
      "consumed": 2343,
      "relpath": "000145.uexp",
      "ext": ".uexp"
    },
    {
      "index": 146,
      "start": 2019216,
      "consumed": 2523,
      "relpath": "000146.uexp",
      "ext": ".uexp"
    },
    {
      "index": 147,
      "start": 2021744,
      "consumed": 2207,
      "relpath": "000147.uexp",
      "ext": ".uexp"
    },
    {
      "index": 148,
      "start": 2023952,
      "consumed": 2644,
      "relpath": "000148.uexp",
      "ext": ".uexp"
    },
    {
      "index": 149,
      "start": 2026608,
      "consumed": 2625,
      "relpath": "000149.uexp",
      "ext": ".uexp"
    },
    {
      "index": 150,
      "start": 2029248,
      "consumed": 2621,
      "relpath": "000150.uexp",
      "ext": ".uexp"
    },
    {
      "index": 151,
      "start": 2031872,
      "consumed": 2614,
      "relpath": "000151.uexp",
      "ext": ".uexp"
    },
    {
      "index": 152,
      "start": 2034496,
      "consumed": 2286,
      "relpath": "000152.uexp",
      "ext": ".uexp"
    },
    {
      "index": 153,
      "start": 2036784,
      "consumed": 2162,
      "relpath": "000153.uexp",
      "ext": ".uexp"
    },
    {
      "index": 154,
      "start": 2038960,
      "consumed": 2325,
      "relpath": "000154.uexp",
      "ext": ".uexp"
    },
    {
      "index": 155,
      "start": 2041296,
      "consumed": 2947,
      "relpath": "000155.uexp",
      "ext": ".uexp"
    },
    {
      "index": 156,
      "start": 2044256,
      "consumed": 3294,
      "relpath": "000156.uexp",
      "ext": ".uexp"
    },
    {
      "index": 157,
      "start": 2047552,
      "consumed": 2996,
      "relpath": "000157.uexp",
      "ext": ".uexp"
    },
    {
      "index": 158,
      "start": 2050560,
      "consumed": 3075,
      "relpath": "000158.uexp",
      "ext": ".uexp"
    },
    {
      "index": 159,
      "start": 2053648,
      "consumed": 3057,
      "relpath": "000159.uexp",
      "ext": ".uexp"
    },
    {
      "index": 160,
      "start": 2056720,
      "consumed": 2945,
      "relpath": "000160.uexp",
      "ext": ".uexp"
    },
    {
      "index": 161,
      "start": 2059680,
      "consumed": 2649,
      "relpath": "000161.uexp",
      "ext": ".uexp"
    },
    {
      "index": 162,
      "start": 2062336,
      "consumed": 3364,
      "relpath": "000162.uexp",
      "ext": ".uexp"
    },
    {
      "index": 163,
      "start": 2065712,
      "consumed": 2984,
      "relpath": "000163.uexp",
      "ext": ".uexp"
    },
    {
      "index": 164,
      "start": 2068704,
      "consumed": 2853,
      "relpath": "000164.uexp",
      "ext": ".uexp"
    },
    {
      "index": 165,
      "start": 2071568,
      "consumed": 3215,
      "relpath": "000165.uexp",
      "ext": ".uexp"
    },
    {
      "index": 166,
      "start": 2074784,
      "consumed": 3087,
      "relpath": "000166.uexp",
      "ext": ".uexp"
    },
    {
      "index": 167,
      "start": 2077872,
      "consumed": 2601,
      "relpath": "000167.uexp",
      "ext": ".uexp"
    },
    {
      "index": 168,
      "start": 2080480,
      "consumed": 3298,
      "relpath": "000168.uexp",
      "ext": ".uexp"
    },
    {
      "index": 169,
      "start": 2083792,
      "consumed": 2914,
      "relpath": "000169.uexp",
      "ext": ".uexp"
    },
    {
      "index": 170,
      "start": 2086720,
      "consumed": 2628,
      "relpath": "000170.uexp",
      "ext": ".uexp"
    },
    {
      "index": 171,
      "start": 2089360,
      "consumed": 3348,
      "relpath": "000171.uexp",
      "ext": ".uexp"
    },
    {
      "index": 172,
      "start": 2092720,
      "consumed": 3942,
      "relpath": "000172.uexp",
      "ext": ".uexp"
    },
    {
      "index": 173,
      "start": 2096672,
      "consumed": 4868,
      "relpath": "000173.uexp",
      "ext": ".uexp"
    },
    {
      "index": 174,
      "start": 2101552,
      "consumed": 3993,
      "relpath": "000174.uexp",
      "ext": ".uexp"
    },
    {
      "index": 175,
      "start": 2105552,
      "consumed": 2493,
      "relpath": "000175.uexp",
      "ext": ".uexp"
    },
    {
      "index": 176,
      "start": 2108048,
      "consumed": 4131,
      "relpath": "000176.uasset",
      "ext": ".uasset"
    },
    {
      "index": 177,
      "start": 2112192,
      "consumed": 1693,
      "relpath": "000177.uexp",
      "ext": ".uexp"
    },
    {
      "index": 178,
      "start": 2113888,
      "consumed": 2416,
      "relpath": "000178.uasset",
      "ext": ".uasset"
    },
    {
      "index": 179,
      "start": 2116304,
      "consumed": 24170,
      "relpath": "000179.uexp",
      "ext": ".uexp"
    },
    {
      "index": 180,
      "start": 2140480,
      "consumed": 24565,
      "relpath": "000180.uexp",
      "ext": ".uexp"
    },
    {
      "index": 181,
      "start": 2165056,
      "consumed": 18586,
      "relpath": "000181.uexp",
      "ext": ".uexp"
    },
    {
      "index": 182,
      "start": 2210992,
      "consumed": 21155,
      "relpath": "000182.uexp",
      "ext": ".uexp"
    },
    {
      "index": 183,
      "start": 2232160,
      "consumed": 7043,
      "relpath": "000183.uexp",
      "ext": ".uexp"
    },
    {
      "index": 184,
      "start": 2239216,
      "consumed": 813,
      "relpath": "000184.uasset",
      "ext": ".uasset"
    },
    {
      "index": 185,
      "start": 2240032,
      "consumed": 279,
      "relpath": "000185.uexp",
      "ext": ".uexp"
    },
    {
      "index": 186,
      "start": 2240320,
      "consumed": 2204,
      "relpath": "000186.uasset",
      "ext": ".uasset"
    },
    {
      "index": 187,
      "start": 2242528,
      "consumed": 637,
      "relpath": "000187.uexp",
      "ext": ".uexp"
    },
    {
      "index": 188,
      "start": 2243168,
      "consumed": 4979,
      "relpath": "000188.uasset",
      "ext": ".uasset"
    },
    {
      "index": 189,
      "start": 2248160,
      "consumed": 1588,
      "relpath": "000189.uexp",
      "ext": ".uexp"
    },
    {
      "index": 190,
      "start": 2249760,
      "consumed": 10181,
      "relpath": "000190.uasset",
      "ext": ".uasset"
    },
    {
      "index": 191,
      "start": 2259952,
      "consumed": 5859,
      "relpath": "000191.uexp",
      "ext": ".uexp"
    },
    {
      "index": 192,
      "start": 2265824,
      "consumed": 708,
      "relpath": "000192.uexp",
      "ext": ".uexp"
    },
    {
      "index": 193,
      "start": 2266544,
      "consumed": 7893,
      "relpath": "000193.uasset",
      "ext": ".uasset"
    },
    {
      "index": 194,
      "start": 2274448,
      "consumed": 4320,
      "relpath": "000194.uexp",
      "ext": ".uexp"
    },
    {
      "index": 195,
      "start": 2278768,
      "consumed": 4894,
      "relpath": "000195.uasset",
      "ext": ".uasset"
    },
    {
      "index": 196,
      "start": 2283664,
      "consumed": 8713,
      "relpath": "000196.uexp",
      "ext": ".uexp"
    },
    {
      "index": 197,
      "start": 2292384,
      "consumed": 1897,
      "relpath": "000197.uexp",
      "ext": ".uexp"
    },
    {
      "index": 198,
      "start": 2294288,
      "consumed": 1276,
      "relpath": "000198.uasset",
      "ext": ".uasset"
    },
    {
      "index": 199,
      "start": 2295568,
      "consumed": 1801,
      "relpath": "000199.uexp",
      "ext": ".uexp"
    },
    {
      "index": 200,
      "start": 2297376,
      "consumed": 3229,
      "relpath": "000200.uasset",
      "ext": ".uasset"
    },
    {
      "index": 201,
      "start": 2300608,
      "consumed": 9745,
      "relpath": "000201.uexp",
      "ext": ".uexp"
    },
    {
      "index": 202,
      "start": 2310368,
      "consumed": 7911,
      "relpath": "000202.uasset",
      "ext": ".uasset"
    },
    {
      "index": 203,
      "start": 2328784,
      "consumed": 4259,
      "relpath": "000203.uasset",
      "ext": ".uasset"
    },
    {
      "index": 204,
      "start": 2333056,
      "consumed": 10216,
      "relpath": "000204.uexp",
      "ext": ".uexp"
    },
    {
      "index": 205,
      "start": 2343280,
      "consumed": 606,
      "relpath": "000205.uasset",
      "ext": ".uasset"
    },
    {
      "index": 206,
      "start": 2343888,
      "consumed": 283,
      "relpath": "000206.uexp",
      "ext": ".uexp"
    },
    {
      "index": 207,
      "start": 2344176,
      "consumed": 950,
      "relpath": "000207.uasset",
      "ext": ".uasset"
    },
    {
      "index": 208,
      "start": 2345136,
      "consumed": 974,
      "relpath": "000208.uexp",
      "ext": ".uexp"
    },
    {
      "index": 209,
      "start": 2346112,
      "consumed": 549,
      "relpath": "000209.uasset",
      "ext": ".uasset"
    },
    {
      "index": 210,
      "start": 2346672,
      "consumed": 742,
      "relpath": "000210.uexp",
      "ext": ".uexp"
    },
    {
      "index": 211,
      "start": 2347424,
      "consumed": 1971,
      "relpath": "000211.uasset",
      "ext": ".uasset"
    },
    {
      "index": 212,
      "start": 2349408,
      "consumed": 1365,
      "relpath": "000212.uexp",
      "ext": ".uexp"
    },
    {
      "index": 213,
      "start": 2350784,
      "consumed": 533,
      "relpath": "000213.uasset",
      "ext": ".uasset"
    },
    {
      "index": 214,
      "start": 2351328,
      "consumed": 785,
      "relpath": "000214.uexp",
      "ext": ".uexp"
    },
    {
      "index": 215,
      "start": 2352128,
      "consumed": 1531,
      "relpath": "000215.uasset",
      "ext": ".uasset"
    },
    {
      "index": 216,
      "start": 2356848,
      "consumed": 3546,
      "relpath": "000216.uasset",
      "ext": ".uasset"
    },
    {
      "index": 217,
      "start": 2360400,
      "consumed": 2670,
      "relpath": "000217.uexp",
      "ext": ".uexp"
    },
    {
      "index": 218,
      "start": 2363072,
      "consumed": 2813,
      "relpath": "000218.uasset",
      "ext": ".uasset"
    },
    {
      "index": 219,
      "start": 2365888,
      "consumed": 3626,
      "relpath": "000219.uexp",
      "ext": ".uexp"
    },
    {
      "index": 220,
      "start": 2396272,
      "consumed": 30983,
      "relpath": "000220.uexp",
      "ext": ".uexp"
    },
    {
      "index": 221,
      "start": 2450512,
      "consumed": 17767,
      "relpath": "000221.uexp",
      "ext": ".uexp"
    },
    {
      "index": 222,
      "start": 2468288,
      "consumed": 16483,
      "relpath": "000222.uexp",
      "ext": ".uexp"
    },
    {
      "index": 223,
      "start": 2484784,
      "consumed": 19352,
      "relpath": "000223.uexp",
      "ext": ".uexp"
    },
    {
      "index": 224,
      "start": 2504144,
      "consumed": 15565,
      "relpath": "000224.uexp",
      "ext": ".uexp"
    },
    {
      "index": 225,
      "start": 2541072,
      "consumed": 20798,
      "relpath": "000225.uexp",
      "ext": ".uexp"
    },
    {
      "index": 226,
      "start": 2561872,
      "consumed": 20218,
      "relpath": "000226.uexp",
      "ext": ".uexp"
    },
    {
      "index": 227,
      "start": 2618656,
      "consumed": 24618,
      "relpath": "000227.uexp",
      "ext": ".uexp"
    },
    {
      "index": 228,
      "start": 2643280,
      "consumed": 24053,
      "relpath": "000228.uexp",
      "ext": ".uexp"
    },
    {
      "index": 229,
      "start": 2667344,
      "consumed": 21932,
      "relpath": "000229.uexp",
      "ext": ".uexp"
    },
    {
      "index": 230,
      "start": 2689280,
      "consumed": 22012,
      "relpath": "000230.uexp",
      "ext": ".uexp"
    },
    {
      "index": 231,
      "start": 2760480,
      "consumed": 14156,
      "relpath": "000231.uexp",
      "ext": ".uexp"
    },
    {
      "index": 232,
      "start": 2774640,
      "consumed": 24716,
      "relpath": "000232.uexp",
      "ext": ".uexp"
    },
    {
      "index": 233,
      "start": 2821584,
      "consumed": 26594,
      "relpath": "000233.uexp",
      "ext": ".uexp"
    },
    {
      "index": 234,
      "start": 2872944,
      "consumed": 23212,
      "relpath": "000234.uexp",
      "ext": ".uexp"
    },
    {
      "index": 235,
      "start": 2896160,
      "consumed": 5548,
      "relpath": "000235.uexp",
      "ext": ".uexp"
    },
    {
      "index": 236,
      "start": 2901712,
      "consumed": 3793,
      "relpath": "000236.uasset",
      "ext": ".uasset"
    },
    {
      "index": 237,
      "start": 2905520,
      "consumed": 4094,
      "relpath": "000237.uexp",
      "ext": ".uexp"
    },
    {
      "index": 238,
      "start": 2909616,
      "consumed": 30236,
      "relpath": "000238.uasset",
      "ext": ".uasset"
    },
    {
      "index": 239,
      "start": 2970144,
      "consumed": 30455,
      "relpath": "000239.uexp",
      "ext": ".uexp"
    },
    {
      "index": 240,
      "start": 3000608,
      "consumed": 31224,
      "relpath": "000240.uexp",
      "ext": ".uexp"
    },
    {
      "index": 241,
      "start": 3062928,
      "consumed": 31825,
      "relpath": "000241.uexp",
      "ext": ".uexp"
    },
    {
      "index": 242,
      "start": 3094768,
      "consumed": 31412,
      "relpath": "000242.uexp",
      "ext": ".uexp"
    },
    {
      "index": 243,
      "start": 3126192,
      "consumed": 31480,
      "relpath": "000243.uexp",
      "ext": ".uexp"
    },
    {
      "index": 244,
      "start": 3157680,
      "consumed": 31791,
      "relpath": "000244.uexp",
      "ext": ".uexp"
    },
    {
      "index": 245,
      "start": 3221536,
      "consumed": 30891,
      "relpath": "000245.uexp",
      "ext": ".uexp"
    },
    {
      "index": 246,
      "start": 3252432,
      "consumed": 30089,
      "relpath": "000246.uexp",
      "ext": ".uexp"
    },
    {
      "index": 247,
      "start": 3282528,
      "consumed": 30625,
      "relpath": "000247.uexp",
      "ext": ".uexp"
    },
    {
      "index": 248,
      "start": 3313168,
      "consumed": 2015,
      "relpath": "000248.uexp",
      "ext": ".uexp"
    },
    {
      "index": 249,
      "start": 3315184,
      "consumed": 24846,
      "relpath": "000249.uexp",
      "ext": ".uexp"
    },
    {
      "index": 250,
      "start": 3340032,
      "consumed": 26857,
      "relpath": "000250.uexp",
      "ext": ".uexp"
    },
    {
      "index": 251,
      "start": 3366896,
      "consumed": 26468,
      "relpath": "000251.uexp",
      "ext": ".uexp"
    },
    {
      "index": 252,
      "start": 3418160,
      "consumed": 25038,
      "relpath": "000252.uexp",
      "ext": ".uexp"
    },
    {
      "index": 253,
      "start": 3443200,
      "consumed": 23952,
      "relpath": "000253.uexp",
      "ext": ".uexp"
    },
    {
      "index": 254,
      "start": 3467152,
      "consumed": 24384,
      "relpath": "000254.uexp",
      "ext": ".uexp"
    },
    {
      "index": 255,
      "start": 3540832,
      "consumed": 26673,
      "relpath": "000255.uexp",
      "ext": ".uexp"
    },
    {
      "index": 256,
      "start": 3567520,
      "consumed": 25547,
      "relpath": "000256.uexp",
      "ext": ".uexp"
    },
    {
      "index": 257,
      "start": 3593072,
      "consumed": 27436,
      "relpath": "000257.uexp",
      "ext": ".uexp"
    },
    {
      "index": 258,
      "start": 3620512,
      "consumed": 19733,
      "relpath": "000258.uexp",
      "ext": ".uexp"
    },
    {
      "index": 259,
      "start": 3640256,
      "consumed": 13036,
      "relpath": "000259.uexp",
      "ext": ".uexp"
    },
    {
      "index": 260,
      "start": 3707024,
      "consumed": 25871,
      "relpath": "000260.uexp",
      "ext": ".uexp"
    },
    {
      "index": 261,
      "start": 3732896,
      "consumed": 27452,
      "relpath": "000261.uexp",
      "ext": ".uexp"
    },
    {
      "index": 262,
      "start": 3787264,
      "consumed": 27721,
      "relpath": "000262.uexp",
      "ext": ".uexp"
    },
    {
      "index": 263,
      "start": 3814992,
      "consumed": 25552,
      "relpath": "000263.uexp",
      "ext": ".uexp"
    },
    {
      "index": 264,
      "start": 3840544,
      "consumed": 24243,
      "relpath": "000264.uexp",
      "ext": ".uexp"
    },
    {
      "index": 265,
      "start": 3864800,
      "consumed": 24064,
      "relpath": "000265.uexp",
      "ext": ".uexp"
    },
    {
      "index": 266,
      "start": 3888864,
      "consumed": 25582,
      "relpath": "000266.uexp",
      "ext": ".uexp"
    },
    {
      "index": 267,
      "start": 3914448,
      "consumed": 25052,
      "relpath": "000267.uexp",
      "ext": ".uexp"
    },
    {
      "index": 268,
      "start": 3939504,
      "consumed": 24157,
      "relpath": "000268.uexp",
      "ext": ".uexp"
    },
    {
      "index": 269,
      "start": 3963664,
      "consumed": 24879,
      "relpath": "000269.uexp",
      "ext": ".uexp"
    },
    {
      "index": 270,
      "start": 3988544,
      "consumed": 26124,
      "relpath": "000270.uexp",
      "ext": ".uexp"
    },
    {
      "index": 271,
      "start": 4014672,
      "consumed": 18054,
      "relpath": "000271.uexp",
      "ext": ".uexp"
    },
    {
      "index": 272,
      "start": 4032736,
      "consumed": 24939,
      "relpath": "000272.uexp",
      "ext": ".uexp"
    },
    {
      "index": 273,
      "start": 4111408,
      "consumed": 25281,
      "relpath": "000273.uexp",
      "ext": ".uexp"
    },
    {
      "index": 274,
      "start": 4136704,
      "consumed": 26342,
      "relpath": "000274.uexp",
      "ext": ".uexp"
    },
    {
      "index": 275,
      "start": 4163056,
      "consumed": 26510,
      "relpath": "000275.uexp",
      "ext": ".uexp"
    },
    {
      "index": 276,
      "start": 4189568,
      "consumed": 25584,
      "relpath": "000276.uexp",
      "ext": ".uexp"
    },
    {
      "index": 277,
      "start": 4215152,
      "consumed": 24266,
      "relpath": "000277.uexp",
      "ext": ".uexp"
    },
    {
      "index": 278,
      "start": 4239424,
      "consumed": 26883,
      "relpath": "000278.uexp",
      "ext": ".uexp"
    },
    {
      "index": 279,
      "start": 4266320,
      "consumed": 23745,
      "relpath": "000279.uexp",
      "ext": ".uexp"
    },
    {
      "index": 280,
      "start": 4290080,
      "consumed": 23556,
      "relpath": "000280.uexp",
      "ext": ".uexp"
    },
    {
      "index": 281,
      "start": 4313648,
      "consumed": 24532,
      "relpath": "000281.uexp",
      "ext": ".uexp"
    },
    {
      "index": 282,
      "start": 4338192,
      "consumed": 25431,
      "relpath": "000282.uexp",
      "ext": ".uexp"
    },
    {
      "index": 283,
      "start": 4363632,
      "consumed": 15537,
      "relpath": "000283.uexp",
      "ext": ".uexp"
    },
    {
      "index": 284,
      "start": 4379184,
      "consumed": 1769,
      "relpath": "000284.uasset",
      "ext": ".uasset"
    },
    {
      "index": 285,
      "start": 4380960,
      "consumed": 1101,
      "relpath": "000285.uexp",
      "ext": ".uexp"
    },
    {
      "index": 286,
      "start": 4382064,
      "consumed": 3022,
      "relpath": "000286.uasset",
      "ext": ".uasset"
    },
    {
      "index": 287,
      "start": 4385088,
      "consumed": 1407,
      "relpath": "000287.uexp",
      "ext": ".uexp"
    },
    {
      "index": 288,
      "start": 4386496,
      "consumed": 1394,
      "relpath": "000288.uasset",
      "ext": ".uasset"
    },
    {
      "index": 289,
      "start": 4387904,
      "consumed": 4704,
      "relpath": "000289.uexp",
      "ext": ".uexp"
    },
    {
      "index": 290,
      "start": 4392608,
      "consumed": 4530,
      "relpath": "000290.uasset",
      "ext": ".uasset"
    },
    {
      "index": 291,
      "start": 4397152,
      "consumed": 5248,
      "relpath": "000291.uexp",
      "ext": ".uexp"
    },
    {
      "index": 292,
      "start": 4402400,
      "consumed": 9962,
      "relpath": "000292.uasset",
      "ext": ".uasset"
    },
    {
      "index": 293,
      "start": 4412368,
      "consumed": 4682,
      "relpath": "000293.uexp",
      "ext": ".uexp"
    },
    {
      "index": 294,
      "start": 4417056,
      "consumed": 4098,
      "relpath": "000294.uexp",
      "ext": ".uexp"
    },
    {
      "index": 295,
      "start": 4421168,
      "consumed": 4922,
      "relpath": "000295.uexp",
      "ext": ".uexp"
    },
    {
      "index": 296,
      "start": 4426096,
      "consumed": 4691,
      "relpath": "000296.uexp",
      "ext": ".uexp"
    },
    {
      "index": 297,
      "start": 4430800,
      "consumed": 5449,
      "relpath": "000297.uexp",
      "ext": ".uexp"
    },
    {
      "index": 298,
      "start": 4436256,
      "consumed": 4055,
      "relpath": "000298.uexp",
      "ext": ".uexp"
    },
    {
      "index": 299,
      "start": 4440320,
      "consumed": 4881,
      "relpath": "000299.uexp",
      "ext": ".uexp"
    },
    {
      "index": 300,
      "start": 4445216,
      "consumed": 5284,
      "relpath": "000300.uexp",
      "ext": ".uexp"
    },
    {
      "index": 301,
      "start": 4450512,
      "consumed": 4793,
      "relpath": "000301.uexp",
      "ext": ".uexp"
    },
    {
      "index": 302,
      "start": 4455312,
      "consumed": 5329,
      "relpath": "000302.uexp",
      "ext": ".uexp"
    },
    {
      "index": 303,
      "start": 4460656,
      "consumed": 4999,
      "relpath": "000303.uexp",
      "ext": ".uexp"
    },
    {
      "index": 304,
      "start": 4465664,
      "consumed": 7158,
      "relpath": "000304.uexp",
      "ext": ".uexp"
    },
    {
      "index": 305,
      "start": 4472832,
      "consumed": 8691,
      "relpath": "000305.uexp",
      "ext": ".uexp"
    },
    {
      "index": 306,
      "start": 4481536,
      "consumed": 5142,
      "relpath": "000306.uexp",
      "ext": ".uexp"
    },
    {
      "index": 307,
      "start": 4486688,
      "consumed": 1003,
      "relpath": "000307.uexp",
      "ext": ".uexp"
    },
    {
      "index": 308,
      "start": 4487696,
      "consumed": 505,
      "relpath": "000308.uasset",
      "ext": ".uasset"
    },
    {
      "index": 309,
      "start": 4488208,
      "consumed": 146,
      "relpath": "000309.uexp",
      "ext": ".uexp"
    },
    {
      "index": 310,
      "start": 4488368,
      "consumed": 11064,
      "relpath": "000310.uasset",
      "ext": ".uasset"
    },
    {
      "index": 311,
      "start": 4532384,
      "consumed": 11690,
      "relpath": "000311.uexp",
      "ext": ".uexp"
    },
    {
      "index": 312,
      "start": 4544080,
      "consumed": 2074,
      "relpath": "000312.uexp",
      "ext": ".uexp"
    },
    {
      "index": 313,
      "start": 4546160,
      "consumed": 4976,
      "relpath": "000313.uasset",
      "ext": ".uasset"
    },
    {
      "index": 314,
      "start": 4551136,
      "consumed": 3565,
      "relpath": "000314.uexp",
      "ext": ".uexp"
    },
    {
      "index": 315,
      "start": 4554704,
      "consumed": 546,
      "relpath": "000315.uasset",
      "ext": ".uasset"
    },
    {
      "index": 316,
      "start": 4555264,
      "consumed": 37492,
      "relpath": "000316.uexp",
      "ext": ".uexp"
    },
    {
      "index": 317,
      "start": 4629696,
      "consumed": 37606,
      "relpath": "000317.uexp",
      "ext": ".uexp"
    },
    {
      "index": 318,
      "start": 4667312,
      "consumed": 37606,
      "relpath": "000318.uexp",
      "ext": ".uexp"
    },
    {
      "index": 319,
      "start": 4704928,
      "consumed": 270,
      "relpath": "000319.uexp",
      "ext": ".uexp"
    },
    {
      "index": 320,
      "start": 4705200,
      "consumed": 536,
      "relpath": "000320.uasset",
      "ext": ".uasset"
    },
    {
      "index": 321,
      "start": 4705744,
      "consumed": 3468,
      "relpath": "000321.uexp",
      "ext": ".uexp"
    },
    {
      "index": 322,
      "start": 4709216,
      "consumed": 543,
      "relpath": "000322.uasset",
      "ext": ".uasset"
    },
    {
      "index": 323,
      "start": 4719328,
      "consumed": 34,
      "relpath": "000323.uexp",
      "ext": ".uexp"
    },
    {
      "index": 324,
      "start": 4719376,
      "consumed": 541,
      "relpath": "000324.uasset",
      "ext": ".uasset"
    },
    {
      "index": 325,
      "start": 4719920,
      "consumed": 37492,
      "relpath": "000325.uexp",
      "ext": ".uexp"
    },
    {
      "index": 326,
      "start": 4794352,
      "consumed": 37606,
      "relpath": "000326.uexp",
      "ext": ".uexp"
    },
    {
      "index": 327,
      "start": 4831968,
      "consumed": 37606,
      "relpath": "000327.uexp",
      "ext": ".uexp"
    },
    {
      "index": 328,
      "start": 4869584,
      "consumed": 270,
      "relpath": "000328.uexp",
      "ext": ".uexp"
    },
    {
      "index": 329,
      "start": 12443072,
      "consumed": 4372,
      "relpath": "000329.uexp",
      "ext": ".uexp"
    },
    {
      "index": 330,
      "start": 12447456,
      "consumed": 6507,
      "relpath": "000330.uasset",
      "ext": ".uasset"
    },
    {
      "index": 331,
      "start": 12453968,
      "consumed": 3038,
      "relpath": "000331.uexp",
      "ext": ".uexp"
    },
    {
      "index": 332,
      "start": 12457008,
      "consumed": 3897,
      "relpath": "000332.uasset",
      "ext": ".uasset"
    },
    {
      "index": 333,
      "start": 12460912,
      "consumed": 1527,
      "relpath": "000333.uexp",
      "ext": ".uexp"
    },
    {
      "index": 334,
      "start": 12462448,
      "consumed": 10719,
      "relpath": "000334.uasset",
      "ext": ".uasset"
    },
    {
      "index": 335,
      "start": 12473168,
      "consumed": 1248,
      "relpath": "000335.uexp",
      "ext": ".uexp"
    },
    {
      "index": 336,
      "start": 12474416,
      "consumed": 3386,
      "relpath": "000336.uexp",
      "ext": ".uexp"
    },
    {
      "index": 337,
      "start": 12477808,
      "consumed": 2855,
      "relpath": "000337.uexp",
      "ext": ".uexp"
    },
    {
      "index": 338,
      "start": 12480672,
      "consumed": 3436,
      "relpath": "000338.uexp",
      "ext": ".uexp"
    },
    {
      "index": 339,
      "start": 12484112,
      "consumed": 3372,
      "relpath": "000339.uexp",
      "ext": ".uexp"
    },
    {
      "index": 340,
      "start": 12487488,
      "consumed": 3055,
      "relpath": "000340.uexp",
      "ext": ".uexp"
    },
    {
      "index": 341,
      "start": 12490544,
      "consumed": 3029,
      "relpath": "000341.uexp",
      "ext": ".uexp"
    },
    {
      "index": 342,
      "start": 12493584,
      "consumed": 3116,
      "relpath": "000342.uexp",
      "ext": ".uexp"
    },
    {
      "index": 343,
      "start": 12496704,
      "consumed": 3014,
      "relpath": "000343.uexp",
      "ext": ".uexp"
    },
    {
      "index": 344,
      "start": 12502880,
      "consumed": 750,
      "relpath": "000344.uexp",
      "ext": ".uexp"
    },
    {
      "index": 345,
      "start": 12503632,
      "consumed": 4370,
      "relpath": "000345.uasset",
      "ext": ".uasset"
    },
    {
      "index": 346,
      "start": 12508016,
      "consumed": 1918,
      "relpath": "000346.uexp",
      "ext": ".uexp"
    },
    {
      "index": 347,
      "start": 12514272,
      "consumed": 2816,
      "relpath": "000347.uexp",
      "ext": ".uexp"
    },
    {
      "index": 348,
      "start": 12517088,
      "consumed": 3066,
      "relpath": "000348.uasset",
      "ext": ".uasset"
    },
    {
      "index": 349,
      "start": 12520160,
      "consumed": 1177,
      "relpath": "000349.uexp",
      "ext": ".uexp"
    },
    {
      "index": 350,
      "start": 12521344,
      "consumed": 12686,
      "relpath": "000350.uasset",
      "ext": ".uasset"
    },
    {
      "index": 351,
      "start": 12534032,
      "consumed": 4614,
      "relpath": "000351.uexp",
      "ext": ".uexp"
    },
    {
      "index": 352,
      "start": 12538656,
      "consumed": 5153,
      "relpath": "000352.uexp",
      "ext": ".uexp"
    },
    {
      "index": 353,
      "start": 12543824,
      "consumed": 3690,
      "relpath": "000353.uexp",
      "ext": ".uexp"
    },
    {
      "index": 354,
      "start": 12547520,
      "consumed": 6400,
      "relpath": "000354.uasset",
      "ext": ".uasset"
    },
    {
      "index": 355,
      "start": 12553920,
      "consumed": 4818,
      "relpath": "000355.uexp",
      "ext": ".uexp"
    }
  ]
}